epoch,train_loss,train_acc1,train_acc5,val_loss,val_acc1,val_acc5
001,4.13785,5.20911,23.62360,3.17457,4.91667,25.66667
002,3.11818,7.93695,32.46879,3.01689,6.83333,36.00000
003,3.00417,10.11548,37.71536,2.89197,14.91667,47.25000
004,2.97614,11.33583,40.40262,2.87204,15.75000,49.83334
005,2.92711,12.51873,43.35206,2.86509,12.91667,45.75000
006,2.88158,13.60487,45.86143,2.83194,11.33333,45.83334
007,2.83648,15.08115,48.13359,2.85871,12.50000,46.50000
008,2.81751,15.76779,49.51311,2.91821,13.58333,49.33334
009,2.76791,16.99126,51.90699,2.74476,19.00000,54.50000
010,2.73906,18.13671,52.99314,2.75846,15.33333,51.25000
011,2.81858,16.48564,49.89701,2.80115,14.58333,49.25000
012,2.74660,18.03371,52.44070,2.67911,19.83333,54.66667
013,2.69154,19.21661,54.87516,2.70848,17.25000,56.58334
014,2.68197,19.90013,55.44008,2.87547,15.33333,50.91667
015,2.65598,20.86142,56.61049,2.68847,19.91667,56.50000
016,2.64192,21.42634,57.31586,2.63937,21.08333,56.75000
017,2.61405,21.65106,57.94944,2.63865,21.50000,56.91667
018,2.59679,22.75281,58.83583,2.70604,20.66667,56.08334
019,2.58113,23.04931,59.56929,2.55047,25.00000,63.66667
020,2.58069,23.39576,59.66917,2.89813,18.91667,55.75000
021,2.54532,23.91074,60.81773,2.54542,22.75000,61.75000
022,2.51830,25.21224,61.55743,2.53436,27.08333,60.75000
023,2.49497,25.48689,62.45007,2.54898,23.50000,61.00000
024,2.48366,26.42634,62.82772,2.47248,27.83333,63.25000
025,2.45243,26.99126,63.77029,2.42534,27.75000,65.08334
026,2.43384,27.69663,64.62235,2.42974,28.83333,65.75000
027,2.42243,27.82147,64.77528,2.41398,27.58333,65.25000
028,2.41022,28.51748,65.40887,2.51743,27.58333,62.00000
029,2.39593,28.84520,65.53371,2.40029,31.50000,66.00000
030,2.38045,29.01373,66.23283,2.41244,29.66667,65.91667
031,2.35615,29.73471,67.28152,2.39367,28.91667,67.00000
032,2.35645,29.73471,67.16917,2.38434,28.58333,68.91667
033,2.34490,30.03121,67.79651,2.33157,30.41667,68.66666
034,2.31239,31.25156,68.22410,2.41438,26.83333,66.66666
035,2.30618,31.20475,68.37391,2.31848,30.33333,68.75000
036,2.28791,31.54807,69.15731,2.27721,33.75000,70.00000
037,2.27774,32.14732,69.30088,2.25347,35.00000,72.16667
038,2.28195,32.25656,69.33833,2.26486,36.66667,70.25000
039,2.25328,32.56866,69.99688,2.26364,30.75000,70.33334
040,2.24421,33.11486,69.98440,2.32648,32.41667,68.33334
041,2.23108,33.46442,70.65231,2.20922,33.33334,70.08334
042,2.21742,33.66417,70.95506,2.24092,35.00000,70.83334
043,2.20050,34.15731,71.19538,2.29195,33.50000,66.08334
044,2.18947,34.80337,71.82584,2.27741,35.00000,68.16667
045,2.17191,35.01249,72.12547,2.08964,38.41667,75.00000
046,2.17065,35.06242,72.35643,2.12897,35.66667,73.50000
047,2.15207,36.25468,72.44070,2.10433,37.83334,74.41667
048,2.15897,35.48065,72.62485,2.26070,37.08334,70.75000
049,2.13465,36.18914,73.13983,2.10640,37.25000,74.66667
050,2.12008,37.00687,73.34270,2.03400,39.91667,75.41667
051,2.11900,37.09738,73.18665,2.03647,39.91667,75.75000
052,2.10245,37.32522,74.04807,2.04758,40.66667,74.83334
053,2.09419,38.06180,73.99189,2.11882,37.33334,73.00000
054,2.07761,38.30836,74.62547,2.08582,38.33334,74.41667
055,2.07289,38.31773,74.41324,2.18495,36.00000,72.25000
056,2.05520,38.56118,75.19039,2.10297,38.83334,74.16667
057,2.04360,38.92635,75.05306,2.17564,36.16667,71.33334
058,2.03928,39.16667,75.38702,1.87631,45.08334,79.33334
059,2.02060,39.60050,75.65543,2.07047,38.41667,74.66667
060,2.01376,39.72223,75.73658,2.04565,40.75000,74.25000
061,2.02812,39.56305,75.48377,1.93109,42.66667,79.66667
062,2.01925,40.00000,75.79900,2.02468,39.66667,76.33334
063,1.99679,40.26530,76.31087,1.87282,44.33334,79.83334
064,1.99053,40.62734,76.39513,1.94533,41.25000,77.58334
065,1.98647,40.87703,76.59177,1.96437,41.58334,78.41667
066,1.98517,40.68352,76.35144,1.99629,40.41667,74.66667
067,1.99014,40.88327,76.37641,1.99955,40.50000,75.83334
068,1.97380,41.49813,76.85706,1.91067,43.08334,78.50000
069,1.95181,41.80712,77.19414,2.03044,40.66667,74.50000
070,1.95090,41.65731,77.22535,1.99501,41.50000,78.08334
071,1.95101,41.64794,76.87891,1.97826,41.75000,75.75000
072,1.95484,41.77279,77.34083,1.95462,40.16667,78.00000
073,1.93605,42.35019,77.82460,1.96328,40.00000,77.66667
074,1.92676,42.54682,77.45007,2.00454,38.50000,76.50000
075,1.92329,42.77466,77.55306,1.89156,42.33334,79.08334
076,1.92041,42.93695,77.84956,1.95087,41.16667,78.00000
077,1.91619,43.06804,77.94320,1.88137,44.50000,78.16667
078,1.90613,43.06180,78.08989,1.91702,43.41667,77.58334
079,1.89400,43.37079,78.38016,1.90694,42.41667,79.16667
080,1.88465,43.70163,78.99813,1.93417,41.33334,78.00000
081,1.89004,43.53308,78.43633,1.90620,43.58334,78.75000
082,1.87619,44.18851,78.98253,1.86986,44.16667,79.58334
083,1.87566,43.93883,78.70787,2.19715,37.16667,70.66667
084,1.86627,44.34457,79.08865,1.93610,42.33334,77.25000
085,1.86410,44.62547,79.19788,1.83276,45.75000,79.08334
086,1.85267,44.73159,79.16355,1.90832,44.83334,77.91667
087,1.85388,44.42260,79.62859,1.79783,46.08333,80.25000
088,1.85541,44.67853,79.17603,1.94408,42.25000,77.25000
089,1.84258,44.93446,79.48502,1.91544,45.41667,77.25000
090,1.85041,44.77528,79.62859,1.87137,43.58334,80.41666
091,1.82975,45.51498,79.99688,1.84542,44.08334,78.83334
092,1.83454,45.39638,79.89389,1.84700,43.91667,80.91667
093,1.82726,45.66792,79.88452,1.93292,43.50000,79.33334
094,1.82168,45.27778,80.20911,1.77600,47.08334,82.50000
095,1.80987,45.95818,80.16542,1.86096,42.83334,77.75000
096,1.81024,46.30774,80.02809,1.77051,47.16667,81.41667
097,1.81754,46.18602,80.11237,1.78381,46.41667,81.25000
098,1.80797,46.11111,80.05306,1.86278,44.83334,79.16667
099,1.79620,46.54807,80.23409,1.80133,46.75000,80.08334
100,1.79755,46.21723,80.33708,1.83993,46.00000,79.83334
101,1.77875,47.04744,80.98940,1.75704,47.50000,81.41667
102,1.79042,46.49501,80.40887,1.75020,47.25000,80.25000
103,1.78082,46.86954,80.54620,1.81379,45.91667,80.00000
104,1.78327,46.90699,80.44632,1.73407,47.16667,82.91667
105,1.77146,46.92572,80.81773,1.81876,45.50000,81.91667
106,1.77018,47.05368,80.88952,1.79175,46.66667,79.66667
107,1.75411,47.84020,81.17666,1.79892,45.83334,80.16667
108,1.75581,47.69351,81.42010,1.70176,49.16667,83.08334
109,1.76339,47.68727,80.90512,1.70375,47.83334,82.50000
110,1.75276,47.59676,81.43571,1.77978,47.08334,80.50000
111,1.74513,47.93071,81.26093,1.82387,48.00000,80.83334
112,1.75144,47.72160,81.12048,1.79570,46.08334,80.58334
113,1.73834,48.22722,81.32959,1.70298,47.83334,82.91667
114,1.73930,48.03683,81.51998,1.77534,47.83334,80.75000
115,1.74159,48.22722,81.33583,1.76234,48.58334,80.50000
116,1.73217,48.28028,81.73534,1.73531,50.00000,80.66667
117,1.71912,48.88889,81.87267,1.72058,48.83334,81.08334
118,1.72601,48.47066,81.76967,1.85480,47.00000,80.33334
119,1.72044,48.71723,81.90388,1.81328,47.91666,79.08334
120,1.71493,48.86080,81.73222,1.71541,47.66667,81.25000
121,1.71321,49.01061,82.19726,1.71346,48.41667,81.91667
122,1.71548,48.96380,82.03808,1.79155,46.75000,81.50000
123,1.70784,49.26030,82.13483,1.64158,51.16667,83.50000
124,1.71312,49.15106,81.94133,1.66660,50.41667,82.50000
125,1.69127,49.61611,82.54370,1.77656,47.16667,80.83334
126,1.69427,49.81586,82.52185,1.67480,47.66667,82.33334
127,1.69163,49.54744,82.32835,1.77581,47.16667,82.25000
128,1.69211,49.53496,82.44695,2.03499,43.41667,75.00000
129,1.70072,49.51623,82.14732,1.58608,52.16667,84.75000
130,1.67429,50.08115,83.08053,1.66118,50.41667,81.66667
131,1.68379,49.89076,82.39701,1.77071,48.66667,80.75000
132,1.67700,49.95007,82.66542,1.75461,48.00000,80.91667
133,1.67571,50.13109,82.68415,1.69609,50.41666,81.41667
134,1.67873,50.07803,82.84644,1.62002,53.58334,83.75000
135,1.66159,50.52747,83.06180,1.68250,51.41667,82.58334
136,1.66775,50.45881,82.85269,1.68047,50.58334,82.50000
137,1.67304,50.18727,82.58427,1.73799,49.58334,81.25000
138,1.66411,50.37141,82.75282,1.68568,50.75000,82.66667
139,1.65643,50.75531,82.82772,1.68268,50.75000,83.16667
140,1.67056,50.22472,82.85581,1.69954,49.08334,83.08334
141,1.65424,50.78964,83.06493,1.69673,49.16667,83.08334
142,1.65164,50.78652,83.08677,1.65775,50.08334,83.00000
143,1.65031,50.81149,83.06493,1.67057,51.16667,82.83334
144,1.63587,51.45131,83.16479,1.69626,47.25000,83.33334
145,1.64702,51.22972,82.99314,1.68993,48.33334,82.50000
146,1.63204,51.47004,83.29900,1.67121,51.66667,81.66667
147,1.62314,51.45755,83.62984,1.66848,51.66667,82.41667
148,1.64154,51.38889,83.08989,1.71366,48.58334,82.41667
149,1.62997,51.93509,83.36455,1.66134,51.00000,83.33334
150,1.63323,51.80712,83.23034,1.62680,52.91666,83.16667
151,1.62738,51.57616,83.50812,1.64366,51.91667,83.50000
152,1.62666,51.66043,83.47379,1.63158,51.83334,85.16667
153,1.62345,51.66979,83.68290,1.78350,49.33334,80.66667
154,1.63070,51.22035,83.38016,1.59007,52.16667,85.66667
155,1.60660,52.26904,83.82647,1.60367,50.91667,85.16667
156,1.62813,51.96942,83.47691,1.65466,51.50000,82.91667
157,1.61983,51.80400,83.45818,1.62500,53.25000,82.58333
158,1.61025,51.99126,83.92010,1.71174,49.16667,83.41667
159,1.60775,51.98502,83.70787,1.67948,51.08334,82.83334
160,1.61131,52.08178,83.64857,1.67458,49.50000,82.83334
161,1.59439,51.94445,83.97941,1.56516,53.25000,85.16667
162,1.60369,52.31898,83.99813,1.56661,54.41667,85.33334
163,1.59211,52.66542,83.90137,1.61928,52.75000,83.83334
164,1.59906,52.45007,83.74532,1.58180,53.50000,83.50000
165,1.58830,52.69039,83.94508,1.51338,55.16667,85.91667
166,1.58942,52.68415,84.06992,1.53059,56.16667,84.41667
167,1.58039,53.12110,84.14794,1.55124,55.50000,85.08334
168,1.58766,52.65606,84.27279,1.60691,53.00000,84.25000
169,1.58479,52.68727,84.33833,1.56790,54.00000,85.08334
170,1.58617,52.91823,84.18539,1.55519,53.00000,84.50000
171,1.57185,53.39264,84.05743,1.60463,53.50000,83.91667
172,1.58111,53.10550,84.26031,1.81998,47.25000,80.16667
173,1.57166,53.02747,84.46629,1.54780,54.58334,85.16667
174,1.56968,53.49563,84.65356,1.56580,53.75000,85.58334
175,1.57181,53.04620,84.15419,1.48181,56.58334,86.50000
176,1.56246,53.48315,84.52248,1.48453,57.58334,86.75000
177,1.56101,53.38015,84.53808,1.65479,52.41667,83.00000
178,1.55931,53.70787,84.77216,1.56500,53.58334,84.83334
179,1.55045,53.74844,84.91885,1.53756,54.58334,85.16667
180,1.54701,54.06680,84.94382,1.56455,55.33334,84.91667
181,1.55294,53.86392,84.60986,1.52997,55.50000,85.16667
182,1.55241,53.49563,84.78465,1.52726,54.83334,85.41667
183,1.55307,53.67666,84.65981,1.63160,53.58334,83.75000
184,1.54274,54.31648,84.66293,1.56170,52.75000,84.16667
185,1.54088,54.37578,84.82523,1.57789,54.33334,85.75000
186,1.54880,54.15419,84.55681,1.57441,53.91667,85.58334
187,1.53867,54.34145,84.76904,1.50812,56.00000,86.08334
188,1.54321,54.15419,84.80025,1.52895,55.25000,85.66667
189,1.52928,54.79713,84.78152,1.53994,55.08334,85.75000
190,1.52750,54.57866,84.97504,1.60993,53.00000,85.16667
191,1.52857,54.90013,84.98752,1.52475,54.83334,86.08334
192,1.53039,54.61611,84.78152,1.47515,56.58334,86.75000
193,1.54254,54.55368,84.73471,1.53780,55.58334,85.08334
194,1.52854,54.46317,85.02185,1.50411,57.00000,85.16667
195,1.52599,54.62235,85.17791,1.61357,54.08334,83.33334
196,1.52495,54.76280,84.90637,1.52140,54.00000,85.91667
197,1.51756,55.05930,84.96880,1.63262,50.50000,84.16667
198,1.52985,54.48814,85.01249,1.49299,55.91667,85.58334
199,1.50292,55.20287,85.58989,1.54188,54.50000,84.58334
200,1.51366,55.03746,85.29027,1.49316,56.16667,86.75000
201,1.51648,54.99376,85.16542,1.65755,51.75000,83.25000
202,1.51214,55.12797,85.35269,1.51719,56.00000,85.75000
203,1.52238,55.03121,85.06866,1.46028,56.41667,85.33334
204,1.51465,55.34644,85.19663,1.51303,54.83334,85.25000
205,1.50513,55.19975,85.29027,1.52670,53.83334,84.58334
206,1.50992,55.33708,85.23721,1.55208,54.25000,85.50000
207,1.49866,55.38078,85.61798,1.57241,53.75000,84.50000
208,1.48919,55.73970,85.79900,1.49744,56.33334,85.58334
209,1.49882,55.61174,85.51186,1.52748,54.41667,85.75000
210,1.50490,55.70225,85.23721,1.47096,55.41667,86.66667
211,1.48555,56.17041,85.83334,1.41808,56.91667,86.83334
212,1.48262,55.74594,85.91136,1.50469,54.33334,86.16667
213,1.48252,56.18914,85.69601,1.48872,55.33334,86.08334
214,1.48886,55.38078,85.83022,1.56698,55.91667,85.33334
215,1.48779,55.98003,85.76467,1.52115,56.00000,85.16667
216,1.49104,55.89888,85.61798,1.57169,55.00000,83.91667
217,1.48395,56.07054,85.63046,1.55872,54.16667,85.66667
218,1.48910,55.77404,85.61798,1.52096,54.66667,84.83334
219,1.48259,55.87079,86.02373,1.54163,53.66667,85.08334
220,1.46605,56.49189,85.79276,1.50105,55.33334,85.66667
221,1.49145,55.88015,85.49314,1.47380,56.41667,87.08334
222,1.48408,55.98939,85.76155,1.50394,55.08334,85.58334
223,1.47237,56.43883,85.84270,1.55708,54.25000,84.83334
224,1.47740,56.09863,85.88328,1.47619,55.75000,85.25000
225,1.47631,55.98315,85.83958,1.46214,57.16667,85.83334
226,1.47528,56.30774,85.77404,1.50412,54.16667,86.50000
227,1.47129,56.53558,85.97066,1.50191,55.66667,86.75000
228,1.46956,56.48252,85.92697,1.46549,57.16667,86.16667
229,1.46670,56.58552,85.96754,1.52343,55.16667,85.83334
230,1.46899,56.17978,86.15793,1.46741,58.41667,85.50000
231,1.46049,56.64170,86.26405,1.45936,57.25000,86.50000
232,1.46360,56.66043,85.89888,1.45095,57.83334,87.08334
233,1.45299,56.52622,86.12984,1.45897,59.08334,86.75000
234,1.46649,56.56367,85.86455,1.46921,55.16667,86.50000
235,1.45953,56.94757,85.80837,1.41580,59.00000,87.08334
236,1.45831,56.69164,85.95818,1.41467,58.66667,88.33334
237,1.45837,56.86330,86.26405,1.47571,56.91667,87.83334
238,1.44857,56.88203,86.22971,1.48583,56.00000,87.41667
239,1.45433,56.92884,86.13921,1.50779,55.66667,85.50000
240,1.44587,57.06617,86.19851,1.43302,57.75000,86.83334
241,1.45223,56.62609,86.09551,1.46527,55.75000,86.00000
242,1.45063,57.24719,86.26405,1.47903,57.25000,86.08334
243,1.45183,57.09426,86.36704,1.49447,57.00000,86.08334
244,1.44534,56.83833,86.21723,1.48527,56.91666,86.66667
245,1.44003,57.36267,86.47316,1.46268,57.41667,85.66667
246,1.44258,57.04744,86.10175,1.46209,57.16667,86.33334
247,1.43873,57.25344,86.26405,1.45843,58.75000,86.50000
248,1.43920,57.26592,86.30463,1.49352,58.91667,87.00000
249,1.42806,57.29401,86.63858,1.50281,55.16667,85.75000
250,1.43330,57.33771,86.60737,1.44712,57.75000,86.16667
251,1.43896,57.07553,86.41074,1.48063,56.08334,85.25000
252,1.44202,57.11611,86.22035,1.48695,56.75000,85.50000
253,1.42850,57.53122,86.40137,1.44439,59.33334,85.75000
254,1.42715,57.74969,86.38265,1.54065,56.16667,85.50000
255,1.43222,57.69351,86.30151,1.43232,57.16667,87.25000
256,1.42690,57.61236,86.50437,1.40637,59.25000,86.83334
257,1.43323,57.56554,86.47941,1.41334,59.58334,87.16667
258,1.42141,57.99938,86.55431,1.50762,55.33334,86.50000
259,1.42623,57.62797,86.66979,1.44112,58.25000,87.16667
260,1.43230,57.39389,86.62922,1.46297,56.91667,86.08334
261,1.41960,57.87453,86.74158,1.43950,57.58334,87.00000
262,1.41739,57.85269,86.62922,1.47462,56.58334,87.25000
263,1.42622,57.71224,86.55431,1.54106,53.83334,86.50000
264,1.41066,58.13047,86.95381,1.42105,57.25000,86.58334
265,1.41062,57.74033,86.71973,1.42067,58.33334,87.08334
266,1.42073,58.02747,86.52622,1.44227,57.33334,86.33334
267,1.41639,58.26155,86.45132,1.43482,56.91667,87.08334
268,1.42325,58.00874,86.39825,1.44249,58.25000,87.00000
269,1.39703,58.20225,86.79776,1.46226,58.16667,87.08334
270,1.41504,58.20537,86.57928,1.53437,56.66667,86.00000
271,1.41592,57.88702,86.79151,1.50229,56.75000,85.41667
272,1.40390,58.57366,87.11299,1.45358,57.83334,87.08334
273,1.41901,58.07741,86.64170,1.49131,56.83334,86.50000
274,1.39482,58.65169,86.88827,1.40083,57.66667,87.41667
275,1.40050,58.78590,87.00687,1.73293,54.50000,84.16667
276,1.41280,58.43321,86.71037,1.38208,58.08334,89.33334
277,1.39868,58.41761,86.99751,1.45730,57.25000,87.33334
278,1.40088,58.39888,86.91636,1.53540,55.75000,87.41667
279,1.40118,58.75156,86.83521,1.45507,57.91667,87.25000
280,1.38899,59.04182,87.03808,1.46768,57.58334,85.91667
281,1.40051,58.40512,86.78527,1.52638,56.25000,85.50000
282,1.39346,58.56118,86.81648,1.41730,58.08334,87.75000
283,1.38378,58.97316,87.08490,1.45727,58.25000,86.08334
284,1.39134,58.78590,87.01936,1.42294,58.41667,88.00000
285,1.38547,59.00749,87.25031,1.38297,58.25000,88.66667
286,1.39571,58.73908,87.07554,1.30766,61.75000,89.91667
287,1.38525,58.90450,87.06305,1.34659,59.91667,86.91667
288,1.39977,58.76405,86.53246,1.39746,56.91667,88.41667
289,1.37713,59.55681,87.25968,1.49123,57.66667,86.66667
290,1.37800,59.12297,87.27216,1.37495,58.83334,89.49999
291,1.37887,59.01062,87.27216,1.41740,58.16667,87.66667
292,1.38597,59.02310,86.91636,1.41206,57.75000,88.50000
293,1.37158,59.26342,87.31586,1.48429,57.50000,86.50000
294,1.37228,59.04182,87.30025,1.39507,60.41667,88.91667
295,1.37168,59.51311,87.33147,1.49576,57.50000,86.50000
296,1.38470,58.82023,87.14420,1.40535,57.58334,87.91667
297,1.37926,59.27591,87.26592,1.39153,59.58334,87.66667
298,1.36460,59.70974,87.49688,1.42538,59.41667,87.50000
299,1.37841,59.24158,87.07866,1.51345,57.91667,84.66667
300,1.37483,59.61299,87.30338,1.45844,57.16667,87.00000
301,1.36944,59.36018,87.14420,1.41095,58.58334,87.58334
302,1.37255,59.49751,87.25344,1.39707,58.83334,86.83334
303,1.35886,59.50375,87.32835,1.40679,57.33334,87.41667
304,1.36842,59.42572,87.27528,1.43703,60.00000,85.66667
305,1.36499,59.21973,87.39701,1.43758,58.58334,87.41667
306,1.36177,59.37266,87.42509,1.39752,60.75000,86.16667
307,1.35907,59.70038,87.51249,1.39086,58.33334,87.41667
308,1.35584,59.85019,87.50625,1.34415,59.75000,88.33333
309,1.36750,59.16043,87.39076,1.42761,59.08334,87.50000
310,1.35274,59.92510,87.58115,1.33826,60.75000,88.83334
311,1.33923,60.03746,87.69663,1.42089,58.00000,86.50000
312,1.36706,59.19164,87.34083,1.37004,59.50000,87.75000
313,1.36157,59.57241,87.37828,1.43581,57.66667,86.50000
314,1.35493,60.04994,87.76218,1.42442,59.08334,86.83334
315,1.34941,59.73159,87.44070,1.37276,60.08334,87.25000
316,1.35680,60.14045,87.44382,1.40215,59.83334,87.33334
317,1.35131,60.26842,87.28465,1.39073,59.58334,88.33334
318,1.35051,59.82522,87.64670,1.42559,59.58334,86.41667
319,1.34631,60.18727,87.47816,1.41862,58.41667,87.08334
320,1.34256,60.17479,87.91511,1.37497,59.33334,87.66667
321,1.34798,59.90013,87.82772,1.34073,61.00000,87.91667
322,1.34891,60.17167,87.53121,1.45509,57.33334,85.75000
323,1.34035,60.57116,87.70287,1.41857,59.16667,87.66667
324,1.33739,60.42759,87.81836,1.45934,56.00000,86.16667
325,1.33826,60.13421,87.82460,1.37463,60.75000,87.00000
326,1.34612,60.38390,87.56242,1.41572,60.25000,86.58334
327,1.33266,60.11236,88.12110,1.39217,59.75000,87.58334
328,1.33680,60.66480,87.81836,1.41039,59.00000,85.83334
329,1.33488,60.60550,87.93072,1.34218,59.50000,88.25000
330,1.34150,60.39950,87.61549,1.44891,58.33334,87.00000
331,1.33259,60.24345,88.04620,1.42919,58.50000,86.08334
332,1.32546,60.47441,88.22722,1.35541,60.00000,88.16667
333,1.32779,60.79588,88.03059,1.32926,61.16667,88.75000
334,1.33338,60.39014,87.83084,1.34983,60.08334,88.33334
335,1.33503,60.49938,87.87453,1.37517,58.41667,88.41667
336,1.32420,60.76155,87.99938,1.38442,59.50000,86.50000
337,1.33377,60.44320,87.89639,1.40003,58.66667,87.41667
338,1.33293,60.56180,88.01498,1.37365,59.75000,88.08334
339,1.33916,60.46505,87.62797,1.40932,60.08334,87.33334
340,1.31909,61.21411,87.93384,1.37604,59.66667,87.83334
341,1.31803,60.86767,87.99314,1.36251,61.75000,88.16667
342,1.33402,60.50874,87.70287,1.34527,58.66667,88.41667
343,1.31705,60.96130,88.07117,1.33419,61.75000,88.00000
344,1.32380,60.72410,88.06805,1.37569,60.33334,87.83334
345,1.31661,60.84270,88.05556,1.34615,60.41667,88.33334
346,1.31321,61.08302,88.02747,1.32066,61.66667,89.41667
347,1.32066,60.57116,88.38016,1.30339,60.91667,89.33334
348,1.31417,60.96442,87.91511,1.36156,60.41667,87.41667
349,1.32422,60.86767,87.91199,1.37718,60.00000,87.91667
350,1.31438,61.25468,87.84956,1.34009,61.25000,88.33334
351,1.31875,61.24220,88.07741,1.36262,60.00000,88.00000
352,1.31827,61.04869,88.00250,1.27143,62.50000,89.41667
353,1.30921,61.50437,88.37079,1.43895,58.25000,86.33334
354,1.31329,61.10175,88.09926,1.35769,62.08334,86.75000
355,1.30831,61.39513,88.19601,1.32667,60.75000,88.83333
356,1.30665,61.26717,88.35831,1.36015,60.00000,88.33334
357,1.30728,61.44507,88.10238,1.33429,62.33334,88.75000
358,1.30945,61.01436,88.07741,1.38472,59.33334,87.66667
359,1.31100,61.22659,88.10862,1.35112,61.25000,89.41667
360,1.30626,61.45131,88.26155,1.38828,60.00000,87.91667
361,1.30486,61.37641,88.13671,1.29124,61.16667,90.00000
362,1.31064,61.24844,88.25219,1.36414,59.58334,87.58334
363,1.30645,61.14857,88.30212,1.37419,60.83334,87.08334
364,1.29382,61.69788,88.57366,1.34224,61.00000,88.25000
365,1.30868,61.28590,88.34270,1.29861,62.58334,88.50000
366,1.30499,61.37017,88.29900,1.32987,62.33334,88.08334
367,1.28694,61.52622,88.46442,1.36219,58.75000,88.41667
368,1.30183,61.54182,88.09301,1.33106,61.58334,88.41667
369,1.29501,61.67915,88.23658,1.34742,61.00000,87.66667
370,1.29692,61.51686,88.17728,1.29853,62.33334,88.83334
371,1.29883,61.65731,88.32085,1.33498,61.33334,87.58334
372,1.29060,61.76966,88.40824,1.35152,59.08334,88.50000
373,1.29658,61.52310,88.35207,1.37642,60.33334,87.50000
374,1.28949,61.68540,88.38640,1.35141,61.00000,88.58334
375,1.29713,61.77591,88.44882,1.43208,59.25000,87.41667
376,1.28930,61.82585,88.47691,1.37396,59.83334,87.58334
377,1.29309,61.46692,88.51436,1.27348,63.00000,88.91667
378,1.28530,62.03808,88.41449,1.34050,60.58334,87.75000
379,1.28426,61.93509,88.38640,1.32391,62.83334,89.33334
380,1.28316,61.95381,88.53933,1.36362,60.16667,89.33334
381,1.28172,61.93509,88.70475,1.44053,60.16667,86.25000
382,1.29100,61.92572,88.51748,1.34423,62.00000,88.58334
383,1.28322,62.05368,88.64857,1.45974,57.33334,87.41667
384,1.28302,61.85081,88.76717,1.29209,63.16667,89.33334
385,1.28820,62.11923,88.32710,1.31315,61.58334,88.75000
386,1.28903,61.69788,88.28964,1.33585,62.58334,89.08334
387,1.28207,61.89763,88.59551,1.29644,62.00000,88.33334
388,1.27228,62.06929,88.67354,1.33076,62.66667,87.91667
389,1.27798,61.81024,88.27716,1.30933,61.50000,89.33334
390,1.27963,62.21598,88.70163,1.27505,62.50000,89.25000
391,1.27501,62.05681,88.77966,1.36571,59.66667,87.83334
392,1.27278,62.08490,88.80775,1.35157,61.16667,88.16667
393,1.26290,62.79963,89.01998,1.32443,62.41667,88.33334
394,1.27552,62.09426,88.61111,1.33742,61.16667,88.58334
395,1.26374,62.64669,88.94508,1.28955,63.25000,88.83334
396,1.28563,62.23159,88.47379,1.26127,63.75000,89.50000
397,1.26996,62.30025,88.66418,1.31639,62.91667,87.83334
398,1.27023,62.12547,88.72971,1.29611,62.33334,88.91667
399,1.27048,62.10674,88.65169,1.28972,62.33334,89.33334
400,1.26641,62.45007,88.68290,1.29485,62.50000,89.00000
401,1.26439,62.59052,88.72971,1.26069,61.25000,90.33334
402,1.25878,62.50000,88.99501,1.28893,60.50000,88.75000
403,1.26082,62.54682,88.89825,1.32924,62.16667,88.00000
404,1.26959,62.37516,88.66730,1.34091,60.50000,89.00000
405,1.25738,62.70600,88.81711,1.27768,62.50000,89.83334
406,1.27612,62.34707,88.62984,1.29978,61.58334,88.33334
407,1.26950,62.39389,88.87641,1.33049,62.25000,88.00000
408,1.26348,62.72784,88.74844,1.29025,62.16667,89.25000
409,1.25471,62.86829,88.92947,1.26630,63.50000,89.25000
410,1.25275,62.97753,89.11673,1.26607,62.83334,89.83334
411,1.25511,62.55618,88.90450,1.31759,60.33334,89.66667
412,1.24522,62.94632,88.93571,1.44936,58.83334,87.41667
413,1.25172,62.91199,89.09489,1.29819,61.66667,88.41667
414,1.26326,62.41573,88.75780,1.35777,61.33334,87.33334
415,1.25955,63.04932,88.76093,1.25134,63.50000,89.41667
416,1.24497,62.98689,89.19164,1.32592,61.25000,89.33334
417,1.24495,63.18665,89.08865,1.35047,59.83334,87.41667
418,1.25454,63.13671,88.86392,1.33713,61.00000,88.25000
419,1.25087,62.69351,89.03246,1.28697,63.08334,88.75000
420,1.24544,62.92759,89.11986,1.30852,61.16667,88.41667
421,1.24488,63.27716,89.24782,1.30472,63.66667,88.58333
422,1.25691,62.87141,88.73596,1.29807,62.33334,89.08334
423,1.25481,62.84020,88.87641,1.38779,60.58334,87.16667
424,1.24019,63.33958,89.17603,1.31096,62.50000,89.00000
425,1.24281,63.16480,88.99501,1.28740,61.50000,89.75000
426,1.24991,63.24594,89.14482,1.31505,61.58334,88.33334
427,1.23862,63.37703,89.11986,1.30233,62.16667,88.41667
428,1.25003,62.97753,89.07928,1.23954,63.75000,88.41667
429,1.24738,63.16480,88.88265,1.32861,61.83334,88.83334
430,1.23585,63.05556,89.06055,1.26250,62.75000,89.83334
431,1.23195,63.23658,89.26967,1.32773,62.00000,88.75000
432,1.23619,63.47066,89.22285,1.30067,61.66667,90.25000
433,1.24009,63.36143,88.94508,1.30560,61.75000,88.75000
434,1.23505,63.17728,89.24158,1.30338,62.33334,89.16667
435,1.23617,63.13671,88.92010,1.30252,62.66667,88.83334
436,1.23831,63.32397,89.04182,1.30549,62.25000,89.25000
437,1.24110,63.18353,88.97316,1.30527,61.00000,89.41667
438,1.23345,63.50500,89.27591,1.36679,60.58334,88.50000
439,1.23010,63.70475,89.34457,1.28530,63.66667,88.91667
440,1.23668,63.59863,88.96068,1.28212,63.08334,90.33334
441,1.23774,63.24594,89.09801,1.24988,63.91667,89.50000
442,1.23500,63.65481,89.03246,1.26102,64.00000,89.25000
443,1.23079,63.50812,89.36018,1.30265,63.00000,89.25000
444,1.23856,63.46442,89.00749,1.29857,64.00000,88.58334
445,1.22878,63.53308,89.26031,1.31038,62.50000,88.00000
446,1.22208,63.80150,89.36642,1.32305,64.33334,88.41667
447,1.23085,63.48939,89.32584,1.24677,63.83334,89.74999
448,1.22921,63.47691,89.17291,1.30530,62.91667,89.16667
449,1.22476,63.71723,89.38515,1.32553,61.00000,88.16667
450,1.22479,63.77966,89.21973,1.29115,62.58334,89.50000
451,1.22060,63.72659,89.34769,1.29200,62.50000,89.08334
452,1.22084,63.86392,89.31960,1.28382,63.41667,88.41667
453,1.21889,63.57678,89.64732,1.35036,62.08334,88.91667
454,1.22307,63.56742,89.33521,1.31071,62.58334,88.75000
455,1.21926,63.54557,89.46005,1.33403,62.33334,88.25000
456,1.21701,63.82647,89.54745,1.28638,63.08334,88.91667
457,1.21488,64.13546,89.49438,1.28620,62.66667,90.83334
458,1.22936,63.27092,89.42884,1.28338,62.58334,88.91667
459,1.22237,63.61736,89.53184,1.28879,63.66667,89.41667
460,1.21461,63.92635,89.47254,1.26316,63.50000,89.08334
461,1.22060,63.78590,89.35394,1.29121,62.66667,88.25000
462,1.21622,63.79526,89.34145,1.27821,65.50000,88.66667
463,1.21706,63.86392,89.46317,1.26713,63.08334,88.58334
464,1.21733,63.82647,89.70350,1.31257,62.25000,87.00000
465,1.22228,63.57054,89.35706,1.26171,62.66667,89.25000
466,1.21241,63.97940,89.70350,1.30555,62.41667,89.08334
467,1.21363,63.84520,89.50687,1.25307,62.91667,90.16667
468,1.21556,64.14170,89.50999,1.23997,64.00000,90.50000
469,1.20641,64.14482,89.50063,1.24632,64.50000,90.33334
470,1.21294,64.11985,89.46629,1.28619,61.58334,89.08334
471,1.20373,64.14794,89.73471,1.25415,64.91666,89.41667
472,1.19929,64.42572,89.70350,1.26287,63.25000,89.83334
473,1.21753,64.04807,89.60986,1.25328,62.83334,89.16667
474,1.21312,64.01685,89.60050,1.29213,62.25000,88.66667
475,1.21174,64.03246,89.42572,1.31451,61.66667,87.66667
476,1.20679,64.02934,89.50999,1.27452,62.83334,88.33334
477,1.21130,64.15418,89.53808,1.34708,62.33334,88.33334
478,1.20503,64.18539,89.77216,1.25011,63.33334,89.25000
479,1.19958,64.24470,89.69414,1.19951,64.91667,90.00000
480,1.20693,64.24782,89.49438,1.25941,63.41667,89.58334
481,1.19914,64.24158,89.78465,1.25833,64.33334,90.00000
482,1.20041,64.37267,89.52248,1.25670,63.58334,90.25000
483,1.20565,64.48814,89.52248,1.31086,61.66667,88.75000
484,1.20384,63.95756,89.66293,1.25451,65.08334,89.25000
485,1.19315,64.46629,89.90325,1.26323,63.00000,89.16667
486,1.19693,64.21349,89.64108,1.25201,65.08334,89.91667
487,1.20491,63.95756,89.59738,1.21212,66.66667,89.58334
488,1.19164,64.59738,89.83147,1.20415,64.50000,90.50000
489,1.18996,64.43820,89.77840,1.22032,65.16667,91.00000
490,1.19518,64.49751,89.80025,1.27351,61.83334,89.58334
491,1.18374,64.65356,89.92509,1.29754,62.33334,89.08334
492,1.19136,64.81898,89.73159,1.24337,64.83334,90.00000
493,1.18876,64.81898,89.80962,1.18428,65.58334,89.66667
494,1.19516,64.27591,89.76280,1.23272,64.75000,89.66667
495,1.18686,64.58178,89.76280,1.28339,62.41666,89.41667
496,1.18859,64.46005,89.78465,1.30671,61.66667,87.58334
497,1.18325,64.98440,89.85644,1.31729,60.50000,88.41667
498,1.19838,64.36330,89.65668,1.20277,64.75000,89.83334
499,1.18715,64.86580,89.75031,1.27214,64.00000,88.41667
500,1.19002,64.75968,89.73783,1.25874,63.08334,89.08334
501,1.19224,64.55993,89.88452,1.26127,61.16667,89.58334
502,1.19127,64.41324,89.82523,1.26081,63.75000,90.08334
503,1.17956,64.57553,89.97816,1.28037,62.08334,90.08334
504,1.17545,64.75968,90.01873,1.27586,63.08334,89.08334
505,1.18026,64.88764,89.95319,1.24195,62.83334,89.33334
506,1.17198,65.06242,89.94695,1.29554,63.58334,88.66667
507,1.16750,65.20911,90.24969,1.27654,62.08334,88.33334
508,1.18175,64.98752,89.88452,1.28582,62.33334,88.83334
509,1.18297,64.88764,89.94695,1.26311,64.50000,88.66667
510,1.17200,65.23721,90.18415,1.21536,65.08334,88.75000
511,1.17855,64.85643,90.01249,1.21850,64.00000,89.66667
512,1.17059,65.18415,89.97816,1.21021,65.66667,90.66667
513,1.17020,65.31835,90.09988,1.24111,64.41667,89.58334
514,1.18515,64.61611,89.71286,1.21348,64.66667,90.25000
515,1.17338,65.24657,89.74095,1.26526,63.25000,88.75000
516,1.16698,65.14045,90.26842,1.25398,64.33334,88.91667
517,1.16408,65.16230,90.04370,1.21765,64.00000,89.66667
518,1.16830,65.22160,90.11549,1.25577,63.66667,89.08334
519,1.18198,64.83459,89.96255,1.24119,63.08334,90.50000
520,1.17294,65.13109,90.09364,1.26128,61.58334,88.83334
521,1.16234,65.13421,90.39326,1.22210,64.50000,90.08334
522,1.15811,65.63671,90.29651,1.26375,64.16667,89.75000
523,1.17132,65.23409,89.80962,1.19734,64.41667,89.91667
524,1.16582,65.31211,90.21536,1.20042,65.66667,89.66667
525,1.17533,65.15606,89.89076,1.22673,65.58334,89.50000
526,1.17597,64.87204,90.06554,1.25168,64.83334,89.58334
527,1.16848,65.11861,89.94070,1.20848,64.50000,90.08334
528,1.17274,65.31523,90.00001,1.27362,63.75000,89.41667
529,1.16077,65.42447,90.26218,1.22609,65.25000,90.50000
530,1.16498,65.31835,90.04682,1.25071,64.66667,88.91667
531,1.16917,65.23721,89.97816,1.29492,62.00000,89.41667
532,1.17176,65.01249,89.98128,1.23882,63.66667,89.58334
533,1.15698,65.44008,90.20599,1.23595,63.25000,89.75000
534,1.16342,65.61174,90.19039,1.24168,64.08334,90.08334
535,1.16556,65.50562,90.16854,1.26862,63.58334,88.66667
536,1.15096,65.91760,90.26218,1.29929,63.91667,88.33334
537,1.16832,65.20599,90.04370,1.20323,65.41667,90.33334
538,1.15916,65.50874,90.08427,1.26555,64.08334,88.25000
539,1.16513,65.17478,90.12485,1.24544,63.83334,89.08334
540,1.16198,65.45256,90.20287,1.23924,64.41667,88.91667
541,1.14741,65.71162,90.62734,1.21645,66.50000,89.25000
542,1.15766,65.73034,90.35269,1.21984,65.33334,89.08334
543,1.14961,65.88328,90.29027,1.23494,63.66667,90.41667
544,1.15681,65.70537,90.32772,1.23985,62.83334,90.66667
545,1.14754,65.81149,90.32460,1.27100,64.00000,88.91667
546,1.14419,65.86455,90.43696,1.22123,64.50000,90.33334
547,1.16525,65.44008,90.01561,1.24750,64.25000,89.66666
548,1.15154,65.72410,90.35893,1.27093,63.66667,90.16667
549,1.15170,65.65231,90.41511,1.21832,64.00000,89.83334
550,1.15198,65.58365,90.61486,1.22134,64.25000,90.00000
551,1.15033,65.65855,90.53683,1.20833,65.00000,91.00000
552,1.14342,65.93633,90.45881,1.22938,64.25000,90.25000
553,1.14890,65.81149,90.28715,1.20307,65.41667,90.33334
554,1.15070,65.52122,90.39951,1.24835,64.00000,90.08334
555,1.15634,65.71786,90.48377,1.18283,65.41667,90.08334
556,1.14871,65.64919,90.36829,1.20990,64.50000,90.00000
557,1.15475,65.43384,90.41823,1.23894,64.16667,89.83334
558,1.14518,66.00188,90.30275,1.19724,66.00000,90.08334
559,1.14229,66.00188,90.43384,1.26192,65.00000,90.91667
560,1.14337,65.91136,90.41199,1.17588,65.08334,90.41667
561,1.14411,65.80524,90.41823,1.20467,64.91667,90.00000
562,1.14760,65.75531,90.34020,1.24381,63.91667,90.08334
563,1.14269,66.02372,90.44632,1.23883,65.25000,89.66667
564,1.13901,66.27029,90.47441,1.27547,62.00000,90.33334
565,1.14991,65.78340,90.14358,1.24070,64.25000,89.58334
566,1.14858,65.53996,90.36205,1.22754,63.41667,90.75000
567,1.14254,66.11111,90.32460,1.23683,63.33334,89.75000
568,1.13790,66.07990,90.51810,1.21017,63.75000,89.75000
569,1.14171,66.02685,90.64607,1.23448,64.00000,90.66667
570,1.13366,65.90512,90.72722,1.23084,64.66667,90.08334
571,1.13367,66.46692,90.61486,1.21423,65.16667,89.83334
572,1.13831,66.31711,90.31211,1.18821,64.91667,90.83334
573,1.14090,65.99564,90.67416,1.22732,65.08334,89.41666
574,1.14245,66.07678,90.67104,1.29419,62.41667,88.49999
575,1.13396,66.35768,90.60238,1.19751,65.58333,90.50000
576,1.14814,65.89264,90.44944,1.24413,64.16667,89.16667
577,1.13105,66.46380,90.57117,1.24796,62.91667,90.08334
578,1.13243,66.09551,90.66479,1.25758,63.75000,89.25000
579,1.12605,66.43883,90.68040,1.23116,64.75000,89.66667
580,1.12934,66.29214,90.72722,1.23346,65.41667,89.75000
581,1.14123,66.10175,90.59614,1.20330,64.83334,90.08334
582,1.12853,66.39825,90.55868,1.24688,65.00000,88.91667
583,1.12454,66.56680,90.63671,1.22803,64.16667,88.83334
584,1.13090,66.30462,90.48065,1.24695,63.00000,89.41667
585,1.12716,66.61673,90.65543,1.21331,64.58334,91.41667
586,1.12763,66.25468,90.73659,1.24931,62.50000,90.58334
587,1.12442,66.42010,90.79588,1.23029,65.50000,89.83334
588,1.12907,66.37016,90.62110,1.21996,65.00000,91.16667
589,1.12976,66.23283,90.68977,1.21155,66.08334,91.33334
590,1.12429,66.53870,90.66167,1.24734,65.25000,89.50000
591,1.11805,66.54494,90.90512,1.25105,63.33334,89.83334
592,1.12923,66.53246,90.62110,1.17875,66.50000,90.16667
593,1.12132,66.60737,90.72722,1.21206,64.25000,90.83334
594,1.13236,66.33271,90.55868,1.22026,64.83334,89.66667
595,1.12301,66.66667,90.68977,1.20937,65.91667,90.16667
596,1.12015,66.67915,90.78340,1.19752,66.33334,89.66667
597,1.13078,66.38577,90.29339,1.21007,65.91667,89.91667
598,1.12529,66.66043,90.62110,1.23698,64.00000,89.24999
599,1.12698,66.58552,90.71162,1.19185,64.83334,90.33334
600,1.12076,66.86330,90.85207,1.19856,64.75000,89.66667
601,1.11495,66.76655,90.71162,1.23284,64.75000,90.25000
602,1.12220,66.71349,90.68665,1.25826,63.16667,89.25000
603,1.12486,66.66043,90.65231,1.24825,63.58334,89.58334
604,1.11587,66.73846,90.98315,1.20912,64.83334,90.33334
605,1.12677,66.65730,90.66167,1.22891,64.25000,89.91667
606,1.12865,66.50749,90.56493,1.20292,64.50000,89.83334
607,1.11168,66.78215,90.88640,1.19832,64.41666,90.25000
608,1.10899,66.63858,91.08614,1.20179,66.66667,90.33334
609,1.10836,67.01936,90.99252,1.21773,65.33334,90.33334
610,1.12337,66.49813,90.63983,1.20686,63.50000,90.25000
611,1.12166,66.79463,90.66167,1.22154,64.58334,89.50000
612,1.11852,66.81648,90.77404,1.19166,65.25000,90.75000
613,1.11565,66.60113,90.78652,1.20392,64.91667,90.91667
614,1.11275,66.79463,90.86767,1.22207,65.08334,90.00000
615,1.10986,66.91636,90.74907,1.23291,63.75000,89.75000
616,1.11434,67.05993,90.89888,1.22987,65.08334,90.33334
617,1.10483,66.93820,90.78028,1.22218,64.50000,90.41667
618,1.11090,66.82584,90.76467,1.23815,63.50000,90.25000
619,1.10846,67.20350,90.87703,1.21766,65.00000,90.58334
620,1.09964,67.02560,91.12360,1.20155,64.75000,90.33334
621,1.10765,67.09114,90.98627,1.22974,65.00000,90.83334
622,1.10340,66.91012,91.02685,1.20030,65.83334,91.16667
623,1.10389,67.12235,90.66792,1.22941,65.58334,90.25000
624,1.09773,67.10674,91.07678,1.17700,67.16667,90.58334
625,1.10017,67.12235,90.89576,1.22049,67.08334,89.58334
626,1.10548,67.21286,90.81149,1.20085,64.83334,91.16667
627,1.10038,67.18790,90.88328,1.22883,64.91667,90.25000
628,1.10044,66.97878,91.14545,1.18687,66.41667,90.41667
629,1.10415,67.01311,90.70226,1.19617,65.66667,90.16667
630,1.09770,66.96629,91.07678,1.21184,64.66667,90.58334
631,1.09547,67.35019,91.14545,1.18931,66.33334,90.75000
632,1.10014,67.08802,90.93009,1.20951,65.16667,89.41667
633,1.10207,67.11923,91.05494,1.22280,64.58334,90.25000
634,1.10045,67.16917,90.96442,1.22237,64.83334,89.58334
635,1.09144,67.34707,91.22347,1.20932,66.25000,90.25000
636,1.09659,67.50000,91.21099,1.25034,64.83334,89.75000
637,1.09594,67.15044,91.17042,1.26716,64.41667,89.58334
638,1.10142,67.11611,90.98315,1.19440,65.58334,90.25000
639,1.09476,67.43758,90.98003,1.19865,65.16667,90.41667
640,1.09696,67.31274,91.05806,1.18306,66.41667,91.16667
641,1.08464,67.43134,91.21099,1.20202,65.50000,90.33334
642,1.07846,67.62797,91.41698,1.17249,66.50000,91.33334
643,1.09046,67.18165,91.17354,1.19962,64.16667,90.66667
644,1.09001,67.50000,91.12984,1.22180,64.58334,90.58333
645,1.09589,67.18165,91.25780,1.23453,65.00000,88.91667
646,1.08868,67.51249,91.16106,1.22037,65.16667,90.33334
647,1.08914,67.41573,90.96130,1.21049,65.08334,89.66667
648,1.09332,67.24719,91.15793,1.21449,64.16667,90.16667
649,1.09185,67.35955,91.17042,1.23675,64.91667,90.08334
650,1.08876,67.29713,91.11423,1.19164,66.66667,90.50000
651,1.08550,67.31586,91.19539,1.23506,65.25000,89.83334
652,1.09170,67.25031,91.33271,1.19526,66.24999,90.50000
653,1.08926,67.59676,91.45756,1.18224,65.16667,91.33334
654,1.08450,67.53121,91.30151,1.20864,64.33334,90.58334
655,1.08717,67.41885,91.21099,1.18282,65.75000,90.66667
656,1.09780,67.23783,91.05806,1.19949,64.75000,90.08334
657,1.08889,67.63733,91.15481,1.19934,65.66667,90.75000
658,1.09094,67.39388,90.98315,1.18301,66.00000,90.66667
659,1.09573,67.44382,90.89264,1.20572,66.58334,90.08334
660,1.09084,67.49064,91.01748,1.19751,64.83334,90.33334
661,1.08792,67.55306,91.20787,1.17097,65.75000,90.33334
662,1.07834,67.50937,91.33896,1.17928,66.08334,90.66666
663,1.08531,67.64358,91.33584,1.19415,65.58334,90.41667
664,1.09359,67.44695,91.06742,1.16879,66.00000,90.66667
665,1.09057,67.29089,91.24844,1.14190,67.00000,91.66667
666,1.08295,67.57178,91.22347,1.22074,64.91667,89.75000
667,1.08509,67.56554,91.13609,1.23464,64.74999,89.91667
668,1.07828,67.65606,91.32647,1.22083,65.00000,89.75000
669,1.07839,67.73721,90.99876,1.20090,65.75000,90.41667
670,1.08214,67.90263,91.13921,1.18152,66.75000,90.66667
671,1.08368,67.71848,91.24220,1.19798,66.25000,90.16667
672,1.07856,67.63733,91.42010,1.16371,67.25000,91.33334
673,1.07702,68.10550,91.22347,1.18324,64.41667,91.25000
674,1.07966,67.75906,91.12984,1.15976,66.83334,91.41667
675,1.08892,67.49376,91.00188,1.18753,65.41667,90.58334
676,1.07146,67.99001,91.45132,1.20102,66.08334,90.16667
677,1.06779,68.33334,91.36392,1.19440,66.33334,90.75000
678,1.07811,67.95256,91.21099,1.16534,67.08334,90.66667
679,1.07803,67.93384,91.13297,1.18932,65.08334,90.25000
680,1.07542,67.94008,91.28590,1.17557,66.58334,90.75000
681,1.07853,67.88078,91.31399,1.18358,64.75000,90.08334
682,1.06740,68.08053,91.42635,1.20396,65.00000,89.58334
683,1.06977,67.88702,91.47316,1.19163,65.91667,91.08334
684,1.07058,67.86205,91.37329,1.18935,65.91667,90.91667
685,1.06665,68.26155,91.37329,1.22894,65.25000,90.25000
686,1.05896,68.42697,91.41074,1.21662,65.75000,90.41667
687,1.07538,67.72472,91.37641,1.18169,66.66667,90.91667
688,1.07679,67.61549,91.28278,1.18519,65.91667,90.58334
689,1.07677,67.94008,91.24844,1.18254,66.08333,90.66667
690,1.07352,68.08053,91.36704,1.18571,66.25000,90.25000
691,1.07819,67.99313,91.14545,1.15464,66.91667,90.66667
692,1.07509,68.06805,91.44820,1.18503,67.33334,90.50000
693,1.07093,67.79339,91.31711,1.13615,68.25000,90.75000
694,1.06095,68.59238,91.59801,1.14411,67.50000,91.33334
695,1.06853,67.95880,91.42635,1.17939,66.66667,90.41667
696,1.07037,68.07429,91.42010,1.20233,65.00000,89.16667
697,1.06940,67.79963,91.44196,1.15634,67.41667,91.25000
698,1.07119,68.08053,91.27654,1.17566,66.08334,91.16667
699,1.06993,67.96505,91.39201,1.18956,66.41667,89.66667
700,1.06658,67.94944,91.35768,1.20826,65.16667,90.00000
701,1.06533,68.26467,91.50749,1.19899,65.33334,90.58334
702,1.06467,68.07429,91.29214,1.21865,64.58334,90.25000
703,1.06663,68.30524,91.42635,1.19493,66.25000,90.33334
704,1.05636,68.63921,91.61361,1.21059,65.33334,90.58334
705,1.06566,68.21786,91.05494,1.16581,66.50000,90.83334
706,1.05791,68.47066,91.61049,1.20125,66.58334,89.75000
707,1.06343,68.24283,91.38265,1.19012,65.66667,91.25000
708,1.06278,68.29900,91.46380,1.20056,66.41667,89.83334
709,1.05307,68.76093,91.63234,1.21932,65.25000,90.00000
710,1.05708,68.31461,91.45756,1.17998,65.66667,90.41667
711,1.06230,68.31461,91.54494,1.19966,66.66667,89.91667
712,1.06407,68.30836,91.45444,1.18465,65.83334,90.83334
713,1.05589,68.51124,91.60113,1.17296,66.33334,90.33334
714,1.05422,68.34895,91.68227,1.17748,65.25000,90.50000
715,1.05761,68.60799,91.36080,1.19501,65.66667,89.33334
716,1.06314,68.41761,91.48877,1.20702,65.58334,89.91667
717,1.06107,68.25531,91.37329,1.20338,64.25000,90.50000
718,1.05395,68.60175,91.41074,1.20408,64.75000,90.58334
719,1.06660,68.23970,91.54807,1.17672,66.41667,89.83334
720,1.05584,68.53621,91.51686,1.19701,65.66667,90.33334
721,1.06061,68.39264,91.51061,1.17807,66.00000,90.83334
722,1.05468,68.44257,91.53558,1.18542,67.00000,90.58334
723,1.05460,68.27716,91.41074,1.20018,65.66666,90.16667
724,1.05487,68.32397,91.63858,1.18548,66.49999,91.16667
725,1.05391,68.44881,91.45444,1.17314,66.41667,91.08334
726,1.05038,68.74532,91.52622,1.19432,66.83334,89.91667
727,1.05350,68.65169,91.52622,1.23891,65.58334,89.58334
728,1.05855,68.48627,91.63546,1.18612,66.50000,90.58334
729,1.04817,68.63921,91.72910,1.17721,66.00000,90.75000
730,1.05423,68.52060,91.44508,1.17773,65.83334,89.91667
731,1.04530,68.76405,91.69476,1.17986,66.33334,90.50000
732,1.04916,68.36455,91.82584,1.18524,65.25000,90.75000
733,1.04536,68.72971,91.77591,1.16774,66.50000,90.25000
734,1.05185,68.64857,91.66979,1.18819,65.58334,90.75000
735,1.05272,68.81087,91.60425,1.15605,67.66667,91.50000
736,1.05126,68.21786,91.68539,1.16539,65.91667,90.58334
737,1.05072,68.83895,91.53246,1.18111,65.75000,90.75000
738,1.04028,68.98565,91.72285,1.17386,65.58334,91.25000
739,1.04394,68.71411,91.66355,1.16071,66.50000,90.91667
740,1.05719,68.50188,91.52310,1.18468,66.16667,91.00000
741,1.04938,68.48315,91.66043,1.16810,66.91667,91.16667
742,1.05668,68.31461,91.52622,1.19235,65.58334,90.66667
743,1.04539,68.87328,91.67603,1.16354,67.00000,90.58334
744,1.04774,68.70163,91.70412,1.15277,66.50000,90.91667
745,1.05076,68.79214,91.51061,1.18074,66.50000,91.16667
746,1.03386,69.24470,91.85394,1.17516,66.58334,91.58334
747,1.04200,68.87641,91.60737,1.17061,66.58334,91.16667
748,1.05783,68.62984,91.69164,1.17460,66.16667,91.25000
749,1.04866,68.41761,91.75718,1.19467,67.00000,90.58334
750,1.04752,68.72347,91.64794,1.15573,67.00000,91.00000
751,1.04532,68.69538,91.73534,1.18322,65.58334,90.75000
752,1.03599,69.04807,91.75094,1.20443,65.58334,90.08334
753,1.05110,68.67354,91.66667,1.17675,65.91667,90.75000
754,1.04813,68.60799,91.73222,1.13604,68.08334,91.16667
755,1.04276,68.87953,91.90388,1.14173,67.41667,90.83334
756,1.03813,69.03246,91.61049,1.14271,67.50000,90.41667
757,1.03867,68.80150,91.82897,1.15453,67.08334,91.00000
758,1.05131,68.52060,91.60425,1.14790,67.66667,90.00000
759,1.03628,69.03558,91.81648,1.15140,67.66667,90.41667
760,1.03888,68.90450,91.97254,1.15841,66.91667,90.50000
761,1.03571,69.13234,91.85706,1.14211,67.50000,91.50000
762,1.03926,69.11673,91.90076,1.16137,66.83334,91.33334
763,1.03965,69.01686,91.72910,1.15259,67.33334,91.00000
764,1.02824,69.26967,92.00999,1.13625,67.33334,91.25000
765,1.03589,69.08552,91.89763,1.15196,66.83334,91.16667
766,1.04000,68.71723,91.84457,1.16310,67.25000,90.50000
767,1.04163,68.58302,91.79464,1.17656,66.33333,90.41667
768,1.03209,68.93571,91.80088,1.17333,66.58334,90.41667
769,1.03414,68.98565,91.98814,1.19321,66.33333,91.00000
770,1.04249,68.98253,91.74470,1.16774,66.50000,90.41667
771,1.03074,68.94195,91.91636,1.18249,65.75000,90.41667
772,1.02757,69.31960,92.10050,1.18059,65.58334,90.66667
773,1.03504,68.98877,91.93509,1.14615,66.75000,91.58334
774,1.03436,69.36330,91.76655,1.16820,67.25000,91.08334
775,1.03214,69.27279,91.83209,1.15997,67.16667,90.83334
776,1.03645,69.13858,91.69476,1.15501,66.83334,91.25000
777,1.03160,69.17915,91.91636,1.16962,65.75000,90.33334
778,1.03344,69.01373,91.81648,1.14760,67.41667,91.16667
779,1.03216,69.01998,91.78527,1.17440,65.91667,90.91667
780,1.03131,69.09801,91.93509,1.15933,66.75000,90.91667
781,1.01890,69.60050,92.09114,1.17216,66.25000,90.75000
782,1.02331,69.38203,92.20038,1.16361,66.33334,90.58334
783,1.02389,69.26967,91.96317,1.18369,66.66667,90.75000
784,1.03031,68.98565,91.87579,1.15329,67.08334,91.33334
785,1.03204,68.93883,91.85394,1.14242,65.83334,91.41667
786,1.02745,69.36330,91.90700,1.15842,65.83334,91.41667
787,1.03427,69.16979,91.91324,1.17476,66.16667,90.16667
788,1.02548,69.47253,91.92884,1.17106,65.91667,90.91667
789,1.03276,69.01998,91.82897,1.16364,66.16667,91.33334
790,1.03580,69.21349,91.89763,1.14080,66.83334,91.33334
791,1.03439,69.27279,91.79464,1.13895,66.66667,91.00000
792,1.03458,69.09177,91.85394,1.12785,67.08334,92.41666
793,1.03282,69.25406,92.05681,1.16387,65.91667,91.25000
794,1.03693,69.19788,91.71349,1.16783,66.41667,90.75000
795,1.02561,69.11673,91.90700,1.16024,66.66667,91.58334
796,1.02768,69.30712,91.97254,1.14761,67.33334,92.00000
797,1.03214,68.89825,91.85081,1.15131,66.91667,91.16666
798,1.02896,69.29776,91.99751,1.15820,67.00000,91.33334
799,1.02677,69.45381,91.84769,1.16730,66.41667,91.00000
800,1.01893,69.38827,92.05993,1.15545,66.33334,91.00000
801,1.02124,69.43820,92.10987,1.16392,66.33333,90.83334
802,1.02988,69.25718,91.99438,1.14624,67.66667,91.25000
803,1.02429,69.32896,91.89451,1.15146,67.41667,91.41667
804,1.03004,69.23534,91.91012,1.15031,67.25000,91.33334
805,1.03531,69.16979,91.93509,1.18199,66.83334,90.41667
806,1.01552,69.58178,92.04745,1.17487,66.91667,91.08334
807,1.02827,69.26343,91.84457,1.15387,66.41667,91.50000
808,1.02211,69.51624,92.08490,1.13955,66.41667,91.41667
809,1.01865,69.27591,92.10674,1.14801,67.75000,91.33334
810,1.02176,69.29151,92.06617,1.15761,65.91667,91.25000
811,1.01704,69.55369,91.94445,1.16032,65.91667,91.25000
812,1.01834,69.49126,92.08178,1.16081,66.66667,90.75000
813,1.02953,69.28839,92.00687,1.15744,66.83334,91.41667
814,1.01915,69.76592,92.11611,1.16398,65.66667,91.16667
815,1.01801,69.55681,92.25344,1.18286,66.33334,90.41667
816,1.02019,69.50063,92.00687,1.17062,65.83334,91.00000
817,1.01932,69.41324,91.92572,1.15833,66.58334,90.50000
818,1.01579,69.72535,92.19726,1.15458,66.66667,91.16667
819,1.02033,69.17291,91.99751,1.15806,67.08334,91.00000
820,1.01621,69.39763,92.14108,1.17659,66.16667,90.58334
821,1.01416,69.86580,92.10362,1.16970,66.33334,90.66667
822,1.02338,69.55681,91.96629,1.16592,65.66667,90.25000
823,1.01081,69.49751,92.13483,1.15808,66.41667,90.91667
824,1.02084,69.88452,91.94757,1.16558,66.75000,90.25000
825,1.01505,69.25718,92.18790,1.16969,65.91667,90.75000
826,1.01831,69.54745,92.06305,1.15131,65.41667,91.08334
827,1.01890,69.46005,92.01624,1.16552,66.00000,91.16667
828,1.01708,69.62235,92.00999,1.16053,66.08333,91.41667
829,1.01363,69.29463,92.16917,1.17378,66.41667,90.83334
830,1.02031,69.54745,91.86018,1.14514,66.50000,91.08334
831,1.02867,69.33521,91.95069,1.16121,66.91666,91.08334
832,1.01082,69.87828,92.17853,1.15572,67.16667,90.41667
833,1.02052,69.58490,92.07241,1.15131,66.83334,91.16667
834,1.01420,69.75031,92.27528,1.15078,66.75000,91.08334
835,1.01288,70.04370,92.13795,1.14994,67.33334,90.91667
836,1.02175,69.51311,92.11299,1.16793,67.16667,91.41667
837,1.01607,69.77216,92.11611,1.15743,66.75000,90.75000
838,1.01896,69.29776,91.99126,1.15157,66.66667,90.83334
839,1.01470,69.47253,92.22223,1.16945,66.58334,90.91667
840,1.01741,69.54745,92.04745,1.17680,66.16667,90.16667
841,1.02434,69.31024,91.99126,1.13771,66.66667,91.25000
842,1.01231,69.73471,92.27840,1.14875,67.16667,91.33334
843,1.01453,69.66293,92.18166,1.14976,66.91667,91.50000
844,1.01328,69.87204,92.18790,1.16545,66.91666,90.50000
845,1.02273,69.31960,92.01624,1.14660,67.41667,91.00000
846,1.01341,69.47566,92.17541,1.15333,67.16667,91.00000
847,1.01614,69.81274,92.08178,1.13473,66.66667,91.33334
848,1.01296,70.13421,91.87579,1.15075,66.91667,90.83334
849,1.00588,69.80650,92.18790,1.14946,67.33334,90.75000
850,1.01493,69.67229,92.06617,1.14913,67.25000,90.50000
851,1.01947,69.47253,92.01311,1.16734,66.16667,90.83334
852,1.02364,69.28215,92.08490,1.15151,65.83334,90.91667
853,1.01380,69.57553,92.21286,1.15476,67.08334,90.66667
854,1.01172,69.80338,92.19726,1.17481,66.08334,90.83334
855,1.01428,69.93446,92.12235,1.14627,67.33334,91.41667
856,1.01351,69.84083,92.22223,1.15528,67.16667,90.83334
857,1.00247,69.65981,92.23783,1.16192,67.08334,90.25000
858,1.01651,69.51936,92.12859,1.15126,66.58334,91.00000
859,1.01730,69.44757,92.06617,1.16421,66.91667,90.66667
860,1.01765,69.90325,91.97878,1.16227,66.33333,90.41667
861,1.00893,69.86580,92.27528,1.16881,66.41667,90.58334
862,1.00272,69.88452,92.23159,1.17732,66.91667,90.83334
863,1.01283,69.67229,92.29089,1.16735,66.91667,90.50000
864,1.01565,69.69726,92.19414,1.16135,66.75000,90.83334
865,1.01383,69.86268,92.05681,1.15219,67.41667,90.83334
866,1.01477,69.37579,92.16917,1.15229,67.25000,90.75000
867,1.01381,69.83147,92.00063,1.15128,67.41667,91.08334
868,1.00569,69.85331,92.30650,1.15045,67.33334,91.33334
869,1.00543,69.89076,92.27216,1.15356,67.16667,90.75000
870,1.00011,69.99064,92.32835,1.14480,67.00000,90.66667
871,1.00580,70.22784,92.27216,1.16460,66.66667,90.08334
872,1.01444,69.90325,91.99751,1.15703,66.83334,90.83334
873,1.01797,69.49126,92.05057,1.15868,66.41667,90.58334
874,1.01055,69.68790,92.48440,1.17856,65.91667,90.83334
875,1.00634,69.91885,92.24095,1.15774,66.25000,91.16667
876,1.01262,69.85955,92.04433,1.16579,66.24999,90.50000
877,1.00519,69.80338,92.22535,1.13995,67.33334,91.66667
878,1.00650,69.83147,92.17541,1.15749,66.83334,90.33334
879,1.01019,69.89388,92.11611,1.16110,66.16667,91.41667
880,1.01579,69.56305,92.24095,1.13960,67.00000,91.41667
881,1.01380,69.53496,92.01311,1.14637,66.75000,91.33334
882,1.00499,69.80650,92.22535,1.15261,66.08334,91.16667
883,1.00222,69.96255,92.25968,1.15178,67.08334,90.66667
884,1.00793,69.96255,92.21599,1.14264,67.16667,91.08334
885,1.00911,69.77840,92.19414,1.15012,66.83334,90.75000
886,1.00515,69.85331,92.23783,1.14279,66.58334,91.41667
887,1.00290,70.13109,92.22223,1.14665,66.91667,91.08334
888,1.00224,69.72535,92.22223,1.13675,67.33334,91.41667
889,1.00669,70.01249,92.00999,1.14138,67.08334,91.41667
890,1.00869,69.98752,92.05681,1.13330,66.91667,91.41667
891,1.00591,70.07178,92.10674,1.14253,67.08334,91.58334
892,1.00366,69.96255,92.14420,1.14514,67.41667,91.25000
893,0.99746,70.10300,92.21911,1.13636,67.33334,91.33334
894,1.00841,70.05930,92.25344,1.14586,67.33334,91.50000
895,1.00865,69.81274,92.05993,1.15225,67.08334,91.00000
896,1.00308,69.95319,92.25968,1.15162,66.66667,90.75000
897,1.00590,69.93134,92.26280,1.14496,67.00000,90.75000
898,1.00518,70.02185,92.26592,1.14012,68.00000,90.75000
899,1.01497,69.46005,92.09426,1.15769,66.91667,91.50000
900,1.00416,69.83771,92.45943,1.15505,66.75000,90.75000
901,1.00255,69.82835,92.26904,1.14161,67.25000,90.75000
902,1.00200,70.02185,92.38452,1.14934,67.08334,91.16667
903,1.00220,70.21536,92.16293,1.15939,66.50000,91.08334
904,1.00159,70.03433,92.29089,1.15406,67.08334,91.08334
905,1.00479,70.09052,92.27840,1.13753,67.25000,91.08334
906,0.99988,69.97192,92.30025,1.14811,67.00000,91.16667
907,1.00410,69.99376,92.25656,1.14130,67.33334,90.41667
908,1.01342,69.69102,91.89763,1.16260,66.66667,91.41667
909,1.00357,70.29651,92.26904,1.15538,66.08334,90.75000
910,0.99671,69.84395,92.44695,1.14614,67.08333,91.08334
911,1.00491,70.05618,92.20038,1.14858,67.00000,91.08334
912,1.00179,70.00937,92.17853,1.14752,67.00000,90.66667
913,1.00564,69.80338,92.11611,1.15545,66.41667,91.00000
914,0.99969,70.18415,92.28777,1.14698,67.00000,91.25000
915,1.00655,70.05306,92.09738,1.16148,67.00000,90.91667
916,0.99124,70.18415,92.43758,1.16363,67.25000,90.66667
917,1.00570,69.92822,92.17541,1.16030,67.58334,90.58334
918,1.00133,69.85331,92.28777,1.15494,66.66667,90.75000
919,0.99514,69.95631,92.23471,1.14883,66.25000,91.16667
920,0.99261,70.14982,92.39076,1.15302,66.66667,90.83334
921,0.99453,70.41199,92.39701,1.16676,66.58334,90.75000
922,0.99428,70.44944,92.38764,1.16404,67.00000,91.08334
923,0.99641,70.22160,92.15356,1.15632,67.25000,90.66667
924,1.00203,69.97192,92.21911,1.15540,66.33334,91.08334
925,1.00281,70.25906,92.21911,1.14545,67.41667,91.25000
926,1.00799,69.75343,92.17541,1.14598,67.16667,91.25000
927,1.00503,69.82835,92.30962,1.15904,66.50000,91.08334
928,1.00102,70.10612,92.34707,1.15147,67.08334,90.83334
929,0.98915,70.29651,92.34707,1.15141,67.00000,91.16667
930,0.99650,70.34956,92.40949,1.14994,66.50000,91.33334
931,0.99753,70.27154,92.25344,1.14999,66.41667,91.66667
932,1.00165,69.77216,92.25968,1.14389,67.33334,91.08334
933,0.99678,70.10925,92.38452,1.14706,67.33334,91.33334
934,0.99899,69.95943,92.42197,1.13742,67.41667,91.25000
935,1.00306,69.90013,92.30962,1.14994,66.16667,91.16667
936,1.00539,69.80962,92.22847,1.15704,66.66667,91.16667
937,1.00653,69.87828,92.25344,1.16067,66.58334,90.83334
938,1.00162,69.81586,92.46880,1.14307,67.16667,91.66667
939,0.99629,70.37141,92.38452,1.16220,66.58334,91.08334
940,1.00656,69.64732,92.12859,1.14460,67.08334,91.58334
941,0.99268,70.49313,92.35019,1.14607,67.33334,91.16667
942,1.00218,70.11861,92.43134,1.15347,67.50000,91.33334
943,1.00029,69.83147,92.37204,1.14111,67.41667,91.33334
944,0.99847,69.90637,92.25656,1.14365,67.41667,91.50000
945,0.98937,70.40263,92.33459,1.13606,67.41667,91.16667
946,1.00244,70.12173,92.36268,1.13911,67.00000,91.16667
947,0.99878,70.36517,92.36268,1.14203,66.66667,91.08334
948,0.99642,70.16542,92.36268,1.12905,67.41667,91.91667
949,1.00430,70.12485,92.31274,1.14119,67.25000,91.50000
950,0.99968,70.22472,92.44382,1.14375,67.41667,91.33334
951,0.99648,69.96880,92.24407,1.14490,67.08334,91.75000
952,0.99356,70.36517,92.31898,1.16206,67.00000,90.50000
953,1.00127,69.95943,92.26280,1.13838,67.66667,91.41667
954,0.99928,70.00937,92.20350,1.14590,66.91667,91.16667
955,0.99889,70.25282,92.36580,1.15161,66.16666,91.00000
956,0.99595,70.28403,92.31898,1.13731,67.08334,91.50000
957,1.00307,70.03121,92.30025,1.14298,67.58334,90.58334
958,0.99196,70.20599,92.29089,1.15349,67.00000,91.00000
959,1.00360,70.30587,92.31898,1.15154,66.58334,90.75000
960,1.00624,69.86580,92.18790,1.14361,66.83334,90.91667
961,0.99832,70.14670,92.29089,1.14994,67.00000,90.50000
962,0.99227,70.40887,92.29089,1.14273,67.25000,91.08334
963,0.99731,70.17478,92.27840,1.14848,66.91667,91.41667
964,0.99820,70.24345,92.22223,1.12566,67.41667,91.16667
965,1.00310,70.15918,92.20974,1.14658,67.16667,91.00000
966,0.99942,70.06866,92.33771,1.14590,67.25000,90.58334
967,0.99621,70.45568,92.30962,1.15352,66.16667,91.08334
968,0.99991,70.21848,92.16605,1.15364,66.66667,90.91667
969,0.99709,70.02809,92.35644,1.14684,67.00000,91.16667
970,1.00675,69.72535,92.36892,1.14687,67.08334,91.00000
971,1.00165,70.14670,92.24407,1.14485,66.91667,91.41667
972,1.00002,70.09988,92.42509,1.14381,67.16667,91.33334
973,1.00231,69.95007,92.32835,1.14808,67.41667,90.83334
974,0.99757,70.25282,92.29713,1.13288,67.08334,91.41667
975,0.99516,69.98752,92.43758,1.14042,67.00000,91.25000
976,0.99427,70.19351,92.11299,1.14413,67.08334,91.33334
977,0.99532,70.12485,92.26904,1.12888,67.16667,91.33334
978,0.99739,70.11237,92.42197,1.14482,67.25000,91.00000
979,1.00123,69.90325,92.32835,1.14806,66.58334,91.41667
980,0.98673,70.51186,92.37204,1.14814,66.58334,90.91667
981,1.00388,70.24657,92.25344,1.14962,66.83334,90.75000
982,0.99332,70.13109,92.46568,1.14818,66.25000,91.41667
983,1.00333,69.99376,92.21599,1.15141,66.83334,91.00000
984,0.99921,70.02185,92.43134,1.15570,66.16667,90.83334
985,0.99865,69.89388,92.25032,1.13081,67.58334,91.16667
986,0.99614,70.16854,92.41261,1.14001,66.83334,90.91667
987,0.99178,70.45880,92.43758,1.15736,67.00000,91.00000
988,1.00230,70.22784,92.27216,1.14678,67.08334,90.83334
989,1.00829,69.92822,92.22535,1.13248,67.25000,91.41667
990,1.00117,69.98752,92.42822,1.12708,66.83334,91.25000
991,0.98936,70.29339,92.33459,1.14599,67.08334,91.00000
992,0.99185,70.02185,92.43446,1.14040,66.75000,91.25000
993,0.99178,70.42448,92.40325,1.14540,66.33334,91.25000
994,0.99799,70.02809,92.35331,1.14416,66.91667,90.91667
995,1.00508,69.93758,92.05681,1.14302,67.25000,90.83334
996,1.00041,70.14358,92.23471,1.14864,66.25000,91.33334
997,0.99682,70.10925,92.39389,1.15600,66.50000,91.33334
998,0.99360,70.26530,92.46255,1.13752,67.25000,91.41667
999,0.99924,70.07178,92.33147,1.13812,67.08334,90.91667
1000,0.99266,70.49001,92.29713,1.14652,67.66667,91.50000
